Phase,Metric,Epoch,Value
train,Loss,0,0.7946163707309299
train,Loss,1,0.6660077373186747
train,Loss,2,0.6072751270400153
train,Loss,3,0.5615056839254168
train,Loss,4,0.5274818605846829
train,Loss,5,0.49863707025845844
train,Loss,6,0.47337867087788055
train,Loss,7,0.4517998947037591
train,Loss,8,0.4336670908663008
train,Loss,9,0.4198600126637353
train,Loss,10,0.407575398683548
train,Loss,11,0.39870481623543635
train,Loss,12,0.38384503258599173
train,Loss,13,0.3804004437393612
train,Loss,14,0.3698967271380954
train,Loss,15,0.3669929590490129
train,Loss,16,0.35317937797970245
train,Loss,17,0.35460218654738535
train,Loss,18,0.35311809844440883
train,Loss,19,0.33838144275877213
train,Loss,20,0.33463215629259746
train,Loss,21,0.3419162958860397
train,Loss,22,0.3399212333891127
train,Loss,23,0.32528286145793067
train,Loss,24,0.3214948266744614
train,Loss,25,0.3159191230932871
train,Loss,26,0.3136566834317313
train,Loss,27,0.31717703739802044
train,Loss,28,0.31758362783326044
train,Loss,29,0.31318293644322287
train,Loss,30,0.3056418024831348
train,Loss,31,0.3078322049644258
train,Loss,32,0.3026900463634067
train,Loss,33,0.296383974287245
train,Loss,34,0.3001496801773707
train,Loss,35,0.2981760087940428
train,Loss,36,0.2946133659945594
train,Loss,37,0.29078135192394255
train,Loss,38,0.29298480914698705
train,Loss,39,0.2887110385629866
train,Loss,40,0.28813658191098107
train,Loss,41,0.2921723160478804
train,Loss,42,0.2774564488066567
train,Loss,43,0.28354609111944834
train,Loss,44,0.2802310129006704
train,Loss,45,0.27497538891103535
train,Loss,46,0.2795877671904034
train,Loss,47,0.2821103115876516
train,Loss,48,0.2784579376379649
train,Loss,49,0.27260298828283946
train,Loss,50,0.2708773801724116
train,Loss,51,0.26650965677367316
train,Loss,52,0.2687939849164751
train,Loss,53,0.2715395116143756
train,Loss,54,0.2742404345009062
train,Loss,55,0.268300195535024
train,Loss,56,0.26530824833446076
train,Loss,57,0.2608296208911472
train,Loss,58,0.2604561530881458
train,Loss,59,0.2704381025499768
train,Loss,60,0.26085167593426173
train,Loss,61,0.25643399589591553
train,Loss,62,0.261028034819497
train,Loss,63,0.26293503642082217
train,Loss,64,0.253813072707918
train,Loss,65,0.2563610156377157
train,Loss,66,0.24762165149052937
train,Loss,67,0.250892299413681
train,Loss,68,0.24202032453484004
train,Loss,69,0.25095588134394753
train,Loss,70,0.2537134071191152
train,Loss,71,0.24120456741915808
train,Loss,72,0.24627479745282066
train,Loss,73,0.24660797317822775
train,Loss,74,0.250977384712961
train,Loss,75,0.24924035138554043
train,Loss,76,0.25397761960824333
train,Loss,77,0.25066429840193855
train,Loss,78,0.24421639376216464
train,Loss,79,0.24494329161114162
train,Loss,80,0.23839214940865835
train,Loss,81,0.24083341393205854
train,Loss,82,0.2367211961083942
train,Loss,83,0.24259621600310008
train,Loss,84,0.23199180795086755
train,Loss,85,0.2383158630794949
train,Loss,86,0.24098088377051882
train,Loss,87,0.23341497116618687
train,Loss,88,0.24543054666784075
train,Loss,89,0.24119181699222988
train,Loss,90,0.23634635541174148
train,Loss,91,0.24095321496327718
train,Loss,92,0.2285948505004247
train,Loss,93,0.2313604172733095
train,Loss,94,0.23006202081839244
train,Loss,95,0.23162954085403017
train,Loss,96,0.23797160089015962
train,Loss,97,0.2268317033847173
train,Loss,98,0.22818067769209543
train,Loss,99,0.24374467101362016
train,Dice,0,0.344568051232232
train,Dice,1,0.6023813327153523
train,Dice,2,0.6465521097183228
train,Dice,3,0.6471411135461596
train,Dice,4,0.6468811710675557
train,Dice,5,0.6468749708599515
train,Dice,6,0.6467900408638848
train,Dice,7,0.6471497469478183
train,Dice,8,0.6475184281667073
train,Dice,9,0.6473105801476373
train,Dice,10,0.6472211956977845
train,Dice,11,0.6470604591899448
train,Dice,12,0.6473724643389384
train,Dice,13,0.6469093534681533
train,Dice,14,0.6472422864702013
train,Dice,15,0.6469521045684814
train,Dice,16,0.6475225554572211
train,Dice,17,0.646786626180013
train,Dice,18,0.6466386953989665
train,Dice,19,0.6473572307162815
train,Dice,20,0.6475745254092746
train,Dice,21,0.6467020180490282
train,Dice,22,0.6467249631881714
train,Dice,23,0.6475411931673686
train,Dice,24,0.6473499748441908
train,Dice,25,0.6477188454733954
train,Dice,26,0.6476184527079264
train,Dice,27,0.6468469871415032
train,Dice,28,0.6469603300094604
train,Dice,29,0.6468553927209643
train,Dice,30,0.6473609805107117
train,Dice,31,0.6470733165740967
train,Dice,32,0.6472503966755337
train,Dice,33,0.6474917133649191
train,Dice,34,0.6471536861525642
train,Dice,35,0.6471712973382738
train,Dice,36,0.6472708106040954
train,Dice,37,0.6470619996388753
train,Dice,38,0.6467118991745843
train,Dice,39,0.6475050528844197
train,Dice,40,0.647256686952379
train,Dice,41,0.6477444741461013
train,Dice,42,0.6486082156499227
train,Dice,43,0.6507708523008559
train,Dice,44,0.65598720047209
train,Dice,45,0.6606316645940145
train,Dice,46,0.6684765762752957
train,Dice,47,0.6739358954959446
train,Dice,48,0.6912597868177626
train,Dice,49,0.688986971643236
train,Dice,50,0.6936657150586446
train,Dice,51,0.7118799686431885
train,Dice,52,0.7185017532772489
train,Dice,53,0.7246219303872851
train,Dice,54,0.7280439323849148
train,Dice,55,0.7364236103163825
train,Dice,56,0.7410355303022597
train,Dice,57,0.7504111342959934
train,Dice,58,0.7546564247873094
train,Dice,59,0.7550804058710734
train,Dice,60,0.7609420484966702
train,Dice,61,0.7688561293813917
train,Dice,62,0.7676301346884833
train,Dice,63,0.7662788444095188
train,Dice,64,0.7765314883655972
train,Dice,65,0.7796657919883728
train,Dice,66,0.7772973842091031
train,Dice,67,0.7863947537210253
train,Dice,68,0.7941863576571146
train,Dice,69,0.7889167745908101
train,Dice,70,0.788030477364858
train,Dice,71,0.7965021027459038
train,Dice,72,0.7929438604248895
train,Dice,73,0.796624051200019
train,Dice,74,0.7888804303275214
train,Dice,75,0.794158661365509
train,Dice,76,0.7890131023195055
train,Dice,77,0.788907962375217
train,Dice,78,0.7997390468915303
train,Dice,79,0.8020226703749762
train,Dice,80,0.799793369240231
train,Dice,81,0.7978135731485155
train,Dice,82,0.8021196643511455
train,Dice,83,0.7925745791859097
train,Dice,84,0.8102246443430583
train,Dice,85,0.7964207172393799
train,Dice,86,0.803645114103953
train,Dice,87,0.7985130906105041
train,Dice,88,0.7933119164572822
train,Dice,89,0.7982405212190417
train,Dice,90,0.8034200999471877
train,Dice,91,0.7974611163139343
train,Dice,92,0.807218767537011
train,Dice,93,0.8103872140248617
train,Dice,94,0.8084183957841661
train,Dice,95,0.8001448445849948
train,Dice,96,0.8073250757323371
train,Dice,97,0.8093291176689996
train,Dice,98,0.8115264296531677
train,Dice,99,0.797373804781172
train,Jaccard,0,0.3244853503174252
train,Jaccard,1,0.5848733127117157
train,Jaccard,2,0.6288404040866428
train,Jaccard,3,0.6298764083120558
train,Jaccard,4,0.6294323311911689
train,Jaccard,5,0.6293978015581767
train,Jaccard,6,0.6292674779891968
train,Jaccard,7,0.6299291716681586
train,Jaccard,8,0.6305763549274869
train,Jaccard,9,0.6301924864451091
train,Jaccard,10,0.6300713062286377
train,Jaccard,11,0.6297454953193664
train,Jaccard,12,0.6303555501831902
train,Jaccard,13,0.6295228613747491
train,Jaccard,14,0.6300809873474968
train,Jaccard,15,0.6295658654636807
train,Jaccard,16,0.630545973777771
train,Jaccard,17,0.6293134980731541
train,Jaccard,18,0.629015839099884
train,Jaccard,19,0.6302744176652696
train,Jaccard,20,0.6306896461380853
train,Jaccard,21,0.6290972868601481
train,Jaccard,22,0.6291615949736701
train,Jaccard,23,0.6305852399932014
train,Jaccard,24,0.6302518129348755
train,Jaccard,25,0.630915473567115
train,Jaccard,26,0.6308147509892782
train,Jaccard,27,0.6293903271357218
train,Jaccard,28,0.6296218302514818
train,Jaccard,29,0.6293816632694669
train,Jaccard,30,0.6303124811914232
train,Jaccard,31,0.6298139029079013
train,Jaccard,32,0.6300928248299493
train,Jaccard,33,0.6304759687847561
train,Jaccard,34,0.6298996713426378
train,Jaccard,35,0.6299775401751201
train,Jaccard,36,0.6301196151309543
train,Jaccard,37,0.6297859655486213
train,Jaccard,38,0.6291561007499695
train,Jaccard,39,0.6304989682303535
train,Jaccard,40,0.6300280014673869
train,Jaccard,41,0.6299550771713257
train,Jaccard,42,0.6308455374505785
train,Jaccard,43,0.6312051918771532
train,Jaccard,44,0.6341717137230767
train,Jaccard,45,0.6378692494498359
train,Jaccard,46,0.6417340437571207
train,Jaccard,47,0.6440279616249932
train,Jaccard,48,0.6549147089322408
train,Jaccard,49,0.6544926166534424
train,Jaccard,50,0.657417529159122
train,Jaccard,51,0.6689765691757202
train,Jaccard,52,0.6732680757840475
train,Jaccard,53,0.6776443693372939
train,Jaccard,54,0.6801787137985229
train,Jaccard,55,0.6870403276549445
train,Jaccard,56,0.6900552696651883
train,Jaccard,57,0.6969280282656352
train,Jaccard,58,0.7004111091295878
train,Jaccard,59,0.7008621586693657
train,Jaccard,60,0.7059031923611959
train,Jaccard,61,0.7117591698964437
train,Jaccard,62,0.711097264289856
train,Jaccard,63,0.7101643866962857
train,Jaccard,64,0.7179629630512662
train,Jaccard,65,0.7201503422525194
train,Jaccard,66,0.719342213206821
train,Jaccard,67,0.7264924698405796
train,Jaccard,68,0.7336660120222304
train,Jaccard,69,0.7285022007094489
train,Jaccard,70,0.7273509701093038
train,Jaccard,71,0.7345196035173204
train,Jaccard,72,0.7331649475627475
train,Jaccard,73,0.7353014495637682
train,Jaccard,74,0.7280036330223083
train,Jaccard,75,0.7329094860288832
train,Jaccard,76,0.7274724682172139
train,Jaccard,77,0.7272959219084846
train,Jaccard,78,0.738400071197086
train,Jaccard,79,0.7394693268669976
train,Jaccard,80,0.7396192722850375
train,Jaccard,81,0.7351177281803555
train,Jaccard,82,0.740237992339664
train,Jaccard,83,0.7311589399973552
train,Jaccard,84,0.7475187049971687
train,Jaccard,85,0.7367173168394301
train,Jaccard,86,0.7407630973392063
train,Jaccard,87,0.739706736140781
train,Jaccard,88,0.7318779256608751
train,Jaccard,89,0.7348033520910475
train,Jaccard,90,0.7414497176806132
train,Jaccard,91,0.736038519276513
train,Jaccard,92,0.7456342975298563
train,Jaccard,93,0.7474279549386766
train,Jaccard,94,0.7463247656822205
train,Jaccard,95,0.7389618820614285
train,Jaccard,96,0.7448442710770501
train,Jaccard,97,0.7476071821318733
train,Jaccard,98,0.7489208579063416
train,Jaccard,99,0.73628734615114
train,Precision,0,0.35236513747109305
train,Precision,1,0.8996879213386112
train,Precision,2,0.9621737360954284
train,Precision,3,0.9632097442944845
train,Precision,4,0.9627656658490499
train,Precision,5,0.9627311335669624
train,Precision,6,0.9626008152961731
train,Precision,7,0.9632625076505873
train,Precision,8,0.9639096869362725
train,Precision,9,0.9635258131557041
train,Precision,10,0.9634046435356141
train,Precision,11,0.9630788299772475
train,Precision,12,0.9636888848410712
train,Precision,13,0.9628561894098918
train,Precision,14,0.9634143259790209
train,Precision,15,0.962899198797014
train,Precision,16,0.9638793110847473
train,Precision,17,0.9626468353801303
train,Precision,18,0.9623491790559556
train,Precision,19,0.9636077536476984
train,Precision,20,0.964022982120514
train,Precision,21,0.9624306201934815
train,Precision,22,0.9624949336051941
train,Precision,23,0.963918572001987
train,Precision,24,0.9635851449436612
train,Precision,25,0.9642488121986389
train,Precision,26,0.9641480790244208
train,Precision,27,0.9627236697408889
train,Precision,28,0.9629551675584581
train,Precision,29,0.9627149992518955
train,Precision,30,0.9636458145247565
train,Precision,31,0.9631472375657824
train,Precision,32,0.9634261661105685
train,Precision,33,0.9638092994689942
train,Precision,34,0.9632330073250664
train,Precision,35,0.9633108761575487
train,Precision,36,0.9634529537624783
train,Precision,37,0.9557119210561117
train,Precision,38,0.94396274222268
train,Precision,39,0.9478577017784119
train,Precision,40,0.9507379134496053
train,Precision,41,0.9136985248989529
train,Precision,42,0.9058787491586473
train,Precision,43,0.9275188525517781
train,Precision,44,0.9234979457325405
train,Precision,45,0.9188405844900344
train,Precision,46,0.9274398154682584
train,Precision,47,0.9260055740674337
train,Precision,48,0.9148403697543674
train,Precision,49,0.9243357380231222
train,Precision,50,0.9199439724286397
train,Precision,51,0.9192832112312317
train,Precision,52,0.9205490469932556
train,Precision,53,0.9205805288420783
train,Precision,54,0.9125061220592923
train,Precision,55,0.9075317713949416
train,Precision,56,0.9105060418446859
train,Precision,57,0.9211178276273939
train,Precision,58,0.9206588334507413
train,Precision,59,0.9132963498433431
train,Precision,60,0.91081569592158
train,Precision,61,0.9069835384686787
train,Precision,62,0.9070426927672492
train,Precision,63,0.9190823992093404
train,Precision,64,0.9118458271026612
train,Precision,65,0.9101343380080329
train,Precision,66,0.9162585934003195
train,Precision,67,0.9113121721479628
train,Precision,68,0.9207563307550218
train,Precision,69,0.9084785832299127
train,Precision,70,0.9092479070027669
train,Precision,71,0.9149968478414747
train,Precision,72,0.9069589800304837
train,Precision,73,0.9146187875005934
train,Precision,74,0.8963445636961195
train,Precision,75,0.9033400959438748
train,Precision,76,0.9105042762226528
train,Precision,77,0.9013492584228515
train,Precision,78,0.9081026593844096
train,Precision,79,0.9033531400892469
train,Precision,80,0.9012180553542243
train,Precision,81,0.9112428426742554
train,Precision,82,0.9053457604514228
train,Precision,83,0.8941218389405144
train,Precision,84,0.9176875988642375
train,Precision,85,0.9004893488354153
train,Precision,86,0.8987710528903537
train,Precision,87,0.9093948854340448
train,Precision,88,0.8935036142667134
train,Precision,89,0.9028078807724846
train,Precision,90,0.9065481318367852
train,Precision,91,0.9030277795261807
train,Precision,92,0.9129922535684374
train,Precision,93,0.9061111238267686
train,Precision,94,0.9114216751522488
train,Precision,95,0.9047086874643961
train,Precision,96,0.9034913738568624
train,Precision,97,0.9042763378885057
train,Precision,98,0.9047140505578782
train,Precision,99,0.8970187253422207
train,Recall,0,0.6648400452401902
train,Recall,1,0.6666667938232422
train,Recall,2,0.6666666865348816
train,Recall,3,0.6666666865348816
train,Recall,4,0.6666666865348816
train,Recall,5,0.6666666865348816
train,Recall,6,0.6666666865348816
train,Recall,7,0.6666666865348816
train,Recall,8,0.6666666865348816
train,Recall,9,0.6666666865348816
train,Recall,10,0.6666666865348816
train,Recall,11,0.6666666865348816
train,Recall,12,0.6666666865348816
train,Recall,13,0.6666666865348816
train,Recall,14,0.6666666865348816
train,Recall,15,0.6666666865348816
train,Recall,16,0.6666666865348816
train,Recall,17,0.6666666865348816
train,Recall,18,0.6666666865348816
train,Recall,19,0.6666666865348816
train,Recall,20,0.6666666865348816
train,Recall,21,0.6666666865348816
train,Recall,22,0.6666666865348816
train,Recall,23,0.6666666865348816
train,Recall,24,0.6666666865348816
train,Recall,25,0.6666666865348816
train,Recall,26,0.6666666865348816
train,Recall,27,0.6666666865348816
train,Recall,28,0.6666666865348816
train,Recall,29,0.6666666865348816
train,Recall,30,0.6666666865348816
train,Recall,31,0.6666666865348816
train,Recall,32,0.6666666865348816
train,Recall,33,0.6666666865348816
train,Recall,34,0.6666666865348816
train,Recall,35,0.6666666865348816
train,Recall,36,0.6666666865348816
train,Recall,37,0.6666666560702854
train,Recall,38,0.6666748338275486
train,Recall,39,0.6666800141334533
train,Recall,40,0.6666990571551853
train,Recall,41,0.667066933049096
train,Recall,42,0.6673145492871603
train,Recall,43,0.6687061998579237
train,Recall,44,0.6712514215045505
train,Recall,45,0.6730703618791368
train,Recall,46,0.6775088164541456
train,Recall,47,0.680865036116706
train,Recall,48,0.690418365266588
train,Recall,49,0.6885559797286988
train,Recall,50,0.6917659136984083
train,Recall,51,0.7027404454019335
train,Recall,52,0.7068995396296184
train,Recall,53,0.7114239573478699
train,Recall,54,0.7145564330948724
train,Recall,55,0.7202507575352987
train,Recall,56,0.7238279249933031
train,Recall,57,0.7294564843177795
train,Recall,58,0.7337964561250475
train,Recall,59,0.7348345425393846
train,Recall,60,0.7387378838327195
train,Recall,61,0.7447355694240994
train,Recall,62,0.7451122827000088
train,Recall,63,0.7444128817982144
train,Recall,64,0.7518805503845215
train,Recall,65,0.7528319981363084
train,Recall,66,0.7516483452585009
train,Recall,67,0.7596646030743917
train,Recall,68,0.7661161104838053
train,Recall,69,0.763195436530643
train,Recall,70,0.7620654026667277
train,Recall,71,0.7673478179507786
train,Recall,72,0.7667506297429403
train,Recall,73,0.7681228584713407
train,Recall,74,0.7635722014639112
train,Recall,75,0.769376007715861
train,Recall,76,0.7629378040631613
train,Recall,77,0.7635025382041931
train,Recall,78,0.773474563492669
train,Recall,79,0.7752266579204136
train,Recall,80,0.7747495969136556
train,Recall,81,0.7707954433229235
train,Recall,82,0.7758167690700954
train,Recall,83,0.7676397840181987
train,Recall,84,0.7812057031525506
train,Recall,85,0.7718001312679714
train,Recall,86,0.7782705903053284
train,Recall,87,0.7750699851248
train,Recall,88,0.7675877465142145
train,Recall,89,0.7709792322582669
train,Recall,90,0.7769723256429036
train,Recall,91,0.7730463875664605
train,Recall,92,0.7788321879174974
train,Recall,93,0.7828100866741604
train,Recall,94,0.781508367591434
train,Recall,95,0.7742332564459906
train,Recall,96,0.7815725763638814
train,Recall,97,0.7825821651352777
train,Recall,98,0.7849960433112251
train,Recall,99,0.7746035893758138
train,F2,0,0.5578745987680224
train,F2,1,0.6973085575633579
train,F2,2,0.7102896942032708
train,F2,3,0.7104033324453566
train,F2,4,0.7103538301255968
train,F2,5,0.7103515095180936
train,F2,6,0.7103360321786668
train,F2,7,0.71040684249666
train,F2,8,0.7104779097768995
train,F2,9,0.7104369057549371
train,F2,10,0.7104214363627963
train,F2,11,0.7103883081012302
train,F2,12,0.7104515420065985
train,F2,13,0.7103612926271227
train,F2,14,0.7104241636064318
train,F2,15,0.7103679577509562
train,F2,16,0.710476893848843
train,F2,17,0.7103379024399652
train,F2,18,0.7103075385093689
train,F2,19,0.7104459206263224
train,F2,20,0.7104894386397468
train,F2,21,0.7103183017836676
train,F2,22,0.7103238966729906
train,F2,23,0.7104807641771105
train,F2,24,0.7104440384440952
train,F2,25,0.7105159057511223
train,F2,26,0.7105003145005968
train,F2,27,0.7103481385442946
train,F2,28,0.7103715803888109
train,F2,29,0.7103486008114285
train,F2,30,0.7104481803046332
train,F2,31,0.710393042034573
train,F2,32,0.7104256391525269
train,F2,33,0.7104701704449123
train,F2,34,0.7104058278931512
train,F2,35,0.7104115062289768
train,F2,36,0.7104291293356154
train,F2,37,0.709285130765703
train,F2,38,0.7076472070482042
train,F2,39,0.708256663216485
train,F2,40,0.7086657484372457
train,F2,41,0.7040150099330478
train,F2,42,0.7033320797814263
train,F2,43,0.707685363292694
train,F2,44,0.7096752418412102
train,F2,45,0.7108525567584567
train,F2,46,0.7159985065460205
train,F2,47,0.7187900384267171
train,F2,48,0.7257756498124864
train,F2,49,0.725411593914032
train,F2,50,0.7275244169765048
train,F2,51,0.7372779038217333
train,F2,52,0.7411675016085307
train,F2,53,0.7450644532839458
train,F2,54,0.7466419339179993
train,F2,55,0.7509642203648885
train,F2,56,0.7545391837755839
train,F2,57,0.7608444054921468
train,F2,58,0.7644581688774956
train,F2,59,0.764316303200192
train,F2,60,0.7673051926824782
train,F2,61,0.7720737867885166
train,F2,62,0.7722096310721503
train,F2,63,0.7732958237330119
train,F2,64,0.7787903057204353
train,F2,65,0.7795307517051697
train,F2,66,0.779289268122779
train,F2,67,0.785459746254815
train,F2,68,0.7923119333055284
train,F2,69,0.7879245996475219
train,F2,70,0.7870778057310316
train,F2,71,0.7925579004817539
train,F2,72,0.7906987587610881
train,F2,73,0.7931709594196743
train,F2,74,0.7864788823657566
train,F2,75,0.7922715862592061
train,F2,76,0.7880721913443671
train,F2,77,0.7871707280476888
train,F2,78,0.7965680665440029
train,F2,79,0.7974548631244236
train,F2,80,0.7965768893559774
train,F2,81,0.7947366184658474
train,F2,82,0.798101172182295
train,F2,83,0.7895365979936387
train,F2,84,0.8046775539716085
train,F2,85,0.7940556195047167
train,F2,86,0.799210970931583
train,F2,87,0.7979205634858874
train,F2,88,0.7894980337884691
train,F2,89,0.7936951372358534
train,F2,90,0.7993154247601827
train,F2,91,0.7952435652414958
train,F2,92,0.8019613716337416
train,F2,93,0.8042408506075541
train,F2,94,0.8038566933737861
train,F2,95,0.7967051559024387
train,F2,96,0.8028076860639785
train,F2,97,0.803762686252594
train,F2,98,0.8057948337660895
train,F2,99,0.7956960664855109
train,IoU,0,0.3079002402377871
train,IoU,1,0.42442545496333767
train,IoU,2,0.44326057435902033
train,IoU,3,0.4448145831259521
train,IoU,4,0.4441484663406158
train,IoU,5,0.44409667122847996
train,IoU,6,0.4439011891865864
train,IoU,7,0.4448937310300353
train,IoU,8,0.4458645008418441
train,IoU,9,0.44528869348223965
train,IoU,10,0.4451069302218151
train,IoU,11,0.44461821098772497
train,IoU,12,0.4455333003482385
train,IoU,13,0.44428425543490946
train,IoU,14,0.44512145432828376
train,IoU,15,0.4443487662041043
train,IoU,16,0.44581893640195996
train,IoU,17,0.44397022107906525
train,IoU,18,0.4435237319564148
train,IoU,19,0.4454115973765972
train,IoU,20,0.44603443854094005
train,IoU,21,0.44364590116830405
train,IoU,22,0.443742370623792
train,IoU,23,0.44587782402507586
train,IoU,24,0.445377688956456
train,IoU,25,0.44637318365807416
train,IoU,26,0.44622209338987423
train,IoU,27,0.4440854673216573
train,IoU,28,0.4444327178012798
train,IoU,29,0.4440724690938573
train,IoU,30,0.4454686906792178
train,IoU,31,0.44472082634456406
train,IoU,32,0.445139213863183
train,IoU,33,0.445713919198943
train,IoU,34,0.44484948054149076
train,IoU,35,0.4449662809207663
train,IoU,36,0.44517939534098916
train,IoU,37,0.4446789211886008
train,IoU,38,0.4437341268478946
train,IoU,39,0.44574841260697984
train,IoU,40,0.4450419699639248
train,IoU,41,0.44493296651469094
train,IoU,42,0.44626872016713615
train,IoU,43,0.44680907704255024
train,IoU,44,0.45125966375377513
train,IoU,45,0.4568052201959051
train,IoU,46,0.46260479728587994
train,IoU,47,0.46604773153982526
train,IoU,48,0.48237931873835954
train,IoU,49,0.4817463177975552
train,IoU,50,0.4861314302466283
train,IoU,51,0.5034706727108553
train,IoU,52,0.5099057683403662
train,IoU,53,0.5164711951689861
train,IoU,54,0.5202726988902701
train,IoU,55,0.5305658355439269
train,IoU,56,0.5350860003398326
train,IoU,57,0.54539836627462
train,IoU,58,0.5506210750161473
train,IoU,59,0.551296010209033
train,IoU,60,0.5588566777554532
train,IoU,61,0.5676418401913224
train,IoU,62,0.5666473114949976
train,IoU,63,0.5652467856138299
train,IoU,64,0.5769478489642981
train,IoU,65,0.5802273219494428
train,IoU,66,0.5790177471306105
train,IoU,67,0.5897430767125181
train,IoU,68,0.6005004698875558
train,IoU,69,0.592754955002344
train,IoU,70,0.5910271294759497
train,IoU,71,0.6017812992609441
train,IoU,72,0.5997477339273162
train,IoU,73,0.6029524712814212
train,IoU,74,0.5920059542996192
train,IoU,75,0.599365118074135
train,IoU,76,0.5912083746562685
train,IoU,77,0.5909433844134638
train,IoU,78,0.6076008049934402
train,IoU,79,0.6092058419108337
train,IoU,80,0.6094297192347516
train,IoU,81,0.602676870200397
train,IoU,82,0.6103580836035934
train,IoU,83,0.5967399253389247
train,IoU,84,0.6212785076973081
train,IoU,85,0.6050770883032631
train,IoU,86,0.6111450101224162
train,IoU,87,0.6095599417641642
train,IoU,88,0.5978180076564831
train,IoU,89,0.6022052780037183
train,IoU,90,0.6121748919358215
train,IoU,91,0.6040573649882238
train,IoU,92,0.618451998531892
train,IoU,93,0.6211418926247102
train,IoU,94,0.6194873183562004
train,IoU,95,0.6084433006317048
train,IoU,96,0.6172668339737564
train,IoU,97,0.6214110079721805
train,IoU,98,0.6233812674976159
train,IoU,99,0.6044314236037169
train,Hausdorff,0,
train,Hausdorff,1,
train,Hausdorff,2,
train,Hausdorff,3,
train,Hausdorff,4,
train,Hausdorff,5,
train,Hausdorff,6,
train,Hausdorff,7,
train,Hausdorff,8,
train,Hausdorff,9,
train,Hausdorff,10,
train,Hausdorff,11,
train,Hausdorff,12,
train,Hausdorff,13,
train,Hausdorff,14,
train,Hausdorff,15,
train,Hausdorff,16,
train,Hausdorff,17,
train,Hausdorff,18,
train,Hausdorff,19,
train,Hausdorff,20,
train,Hausdorff,21,
train,Hausdorff,22,
train,Hausdorff,23,
train,Hausdorff,24,
train,Hausdorff,25,
train,Hausdorff,26,
train,Hausdorff,27,
train,Hausdorff,28,
train,Hausdorff,29,
train,Hausdorff,30,
train,Hausdorff,31,
train,Hausdorff,32,
train,Hausdorff,33,
train,Hausdorff,34,
train,Hausdorff,35,
train,Hausdorff,36,
train,Hausdorff,37,
train,Hausdorff,38,
train,Hausdorff,39,
train,Hausdorff,40,
train,Hausdorff,41,
train,Hausdorff,42,
train,Hausdorff,43,
train,Hausdorff,44,141.38762982240445
train,Hausdorff,45,131.9406418002306
train,Hausdorff,46,131.51571863419488
train,Hausdorff,47,124.58468325060014
train,Hausdorff,48,122.97007891968262
train,Hausdorff,49,
train,Hausdorff,50,127.91563837995814
train,Hausdorff,51,110.0386354019923
train,Hausdorff,52,115.95708617812822
train,Hausdorff,53,125.38980220723347
train,Hausdorff,54,112.84302993491094
train,Hausdorff,55,117.04838155679107
train,Hausdorff,56,99.21626870871091
train,Hausdorff,57,107.2774021453163
train,Hausdorff,58,108.36058878017302
train,Hausdorff,59,106.68477757975943
train,Hausdorff,60,110.89093620878708
train,Hausdorff,61,104.92506380348821
train,Hausdorff,62,97.86165841791467
train,Hausdorff,63,107.02168034259444
train,Hausdorff,64,92.92761635879404
train,Hausdorff,65,103.81856911910265
train,Hausdorff,66,101.06598626261429
train,Hausdorff,67,99.25516779675678
train,Hausdorff,68,91.04564107039728
train,Hausdorff,69,94.61792019842689
train,Hausdorff,70,94.76785390058437
train,Hausdorff,71,101.07853750803804
train,Hausdorff,72,99.89676743273543
train,Hausdorff,73,93.53613339501479
train,Hausdorff,74,95.46649352840589
train,Hausdorff,75,91.33778476823113
train,Hausdorff,76,90.20117083369229
train,Hausdorff,77,86.823206581843
train,Hausdorff,78,89.82983060748418
train,Hausdorff,79,85.1526400937549
train,Hausdorff,80,85.86955961428158
train,Hausdorff,81,85.03764418684781
train,Hausdorff,82,88.86892340596847
train,Hausdorff,83,90.773705937082
train,Hausdorff,84,89.98995218398264
train,Hausdorff,85,89.6526800481198
train,Hausdorff,86,81.79961368270477
train,Hausdorff,87,87.5986799113861
train,Hausdorff,88,84.39967833814197
train,Hausdorff,89,83.77307166595766
train,Hausdorff,90,81.73235184656349
train,Hausdorff,91,89.53087782396986
train,Hausdorff,92,87.63863246233058
train,Hausdorff,93,83.07743390812385
train,Hausdorff,94,81.84630827721956
train,Hausdorff,95,88.14020283604981
train,Hausdorff,96,82.89437710877311
train,Hausdorff,97,82.40039365779765
train,Hausdorff,98,86.02422067445544
train,Hausdorff,99,84.8453402176407
val,Loss,0,0.684313795783303
val,Loss,1,0.6074544245546515
val,Loss,2,0.5548815347931602
val,Loss,3,0.5163845013488423
val,Loss,4,0.4822713678533381
val,Loss,5,0.4522819221019745
val,Loss,6,0.429644297469746
val,Loss,7,0.4074671078811992
val,Loss,8,0.391206294298172
val,Loss,9,0.3760985081846064
val,Loss,10,0.36180622469295154
val,Loss,11,0.3467495333064686
val,Loss,12,0.3354683112014424
val,Loss,13,0.32811783389611676
val,Loss,14,0.3164942129091783
val,Loss,15,0.3107414516535672
val,Loss,16,0.297295789827
val,Loss,17,0.29288461804389954
val,Loss,18,0.29037233103405347
val,Loss,19,0.28537683324380353
val,Loss,20,0.28502744978124445
val,Loss,21,0.2967599386518652
val,Loss,22,0.2689483314752579
val,Loss,23,0.26246474412354553
val,Loss,24,0.263292441313917
val,Loss,25,0.25450615042989905
val,Loss,26,0.25207487832416187
val,Loss,27,0.24756125970320267
val,Loss,28,0.24806721914898267
val,Loss,29,0.23974336006424643
val,Loss,30,0.2396880103783174
val,Loss,31,0.23762474276802756
val,Loss,32,0.22707582197406076
val,Loss,33,0.2253606062043797
val,Loss,34,0.23782044784589249
val,Loss,35,0.22773878411813217
val,Loss,36,0.21759041060100903
val,Loss,37,0.21221008219502188
val,Loss,38,0.215296979654919
val,Loss,39,0.2116560177369551
val,Loss,40,0.2054704183881933
val,Loss,41,0.2075536467812278
val,Loss,42,0.1996383937922391
val,Loss,43,0.19777595048600977
val,Loss,44,0.19417992369695145
val,Loss,45,0.1931260661645369
val,Loss,46,0.1960949572649869
val,Loss,47,0.1918719004500996
val,Loss,48,0.18952998518943787
val,Loss,49,0.19280154325745322
val,Loss,50,0.18375929377295755
val,Loss,51,0.17774518511512064
val,Loss,52,0.1795839477669109
val,Loss,53,0.17830199003219604
val,Loss,54,0.17565843869339337
val,Loss,55,0.17796565998684277
val,Loss,56,0.17368534342809158
val,Loss,57,0.171473351391879
val,Loss,58,0.1665140078826384
val,Loss,59,0.16845000196586957
val,Loss,60,0.1683256964791905
val,Loss,61,0.16776641526005484
val,Loss,62,0.16483109105717053
val,Loss,63,0.16843305257233707
val,Loss,64,0.15784347463737836
val,Loss,65,0.15690660612149673
val,Loss,66,0.15930371121926742
val,Loss,67,0.15084956044500525
val,Loss,68,0.15345238149166107
val,Loss,69,0.15206257592548023
val,Loss,70,0.1486268544738943
val,Loss,71,0.1457641138271852
val,Loss,72,0.14469849656928668
val,Loss,73,0.14355989884246478
val,Loss,74,0.1447291076183319
val,Loss,75,0.14639474045146594
val,Loss,76,0.14395417273044586
val,Loss,77,0.14196755940263922
val,Loss,78,0.14087247916243292
val,Loss,79,0.13671798326752402
val,Loss,80,0.14269836111502213
val,Loss,81,0.13654347915541043
val,Loss,82,0.13331127776341004
val,Loss,83,0.1374342360279777
val,Loss,84,0.13409274681047958
val,Loss,85,0.14229782738468863
val,Loss,86,0.12989651479504324
val,Loss,87,0.12795583294196564
val,Loss,88,0.12959246879274194
val,Loss,89,0.13679165934974497
val,Loss,90,0.1266059706156904
val,Loss,91,0.13731957023794
val,Loss,92,0.12634128670800815
val,Loss,93,0.1303336972540075
val,Loss,94,0.13298343460668216
val,Loss,95,0.12962818145751953
val,Loss,96,0.12257482788779518
val,Loss,97,0.12583665414289993
val,Loss,98,0.12326729162172838
val,Loss,99,0.13258443501862613
val,Dice,0,0.6174533367156982
val,Dice,1,0.6477564356543801
val,Dice,2,0.6477564356543801
val,Dice,3,0.6477564356543801
val,Dice,4,0.6477564356543801
val,Dice,5,0.6477564356543801
val,Dice,6,0.6477564356543801
val,Dice,7,0.6477564356543801
val,Dice,8,0.6477564356543801
val,Dice,9,0.6477564356543801
val,Dice,10,0.6477564356543801
val,Dice,11,0.6477564356543801
val,Dice,12,0.6477564356543801
val,Dice,13,0.6477564356543801
val,Dice,14,0.6477564356543801
val,Dice,15,0.6477564356543801
val,Dice,16,0.6477564356543801
val,Dice,17,0.6477564356543801
val,Dice,18,0.6477564356543801
val,Dice,19,0.6477564356543801
val,Dice,20,0.6477564356543801
val,Dice,21,0.6477564356543801
val,Dice,22,0.6477564356543801
val,Dice,23,0.6477564356543801
val,Dice,24,0.6477564356543801
val,Dice,25,0.6477564356543801
val,Dice,26,0.6477564356543801
val,Dice,27,0.6477564356543801
val,Dice,28,0.6477564356543801
val,Dice,29,0.6477564356543801
val,Dice,30,0.6477564356543801
val,Dice,31,0.6477564356543801
val,Dice,32,0.6477564356543801
val,Dice,33,0.6477564356543801
val,Dice,34,0.6477564356543801
val,Dice,35,0.6477564356543801
val,Dice,36,0.6477564356543801
val,Dice,37,0.6477564356543801
val,Dice,38,0.6477564356543801
val,Dice,39,0.6477564356543801
val,Dice,40,0.6479586146094582
val,Dice,41,0.6521970683878119
val,Dice,42,0.6499039205637845
val,Dice,43,0.6596195968714628
val,Dice,44,0.6582043170928955
val,Dice,45,0.6804776408455588
val,Dice,46,0.6791997226801786
val,Dice,47,0.7429351644082502
val,Dice,48,0.7275412461974404
val,Dice,49,0.7065891298380765
val,Dice,50,0.8087888901883905
val,Dice,51,0.8155730583451011
val,Dice,52,0.8142044652592052
val,Dice,53,0.8292521346699108
val,Dice,54,0.8521413965658708
val,Dice,55,0.8394436782056635
val,Dice,56,0.858659798448736
val,Dice,57,0.8707146156917919
val,Dice,58,0.8860407580028881
val,Dice,59,0.8835488232699308
val,Dice,60,0.8777756745165045
val,Dice,61,0.8766255432909186
val,Dice,62,0.8770026456226002
val,Dice,63,0.8723058863119646
val,Dice,64,0.906937913461165
val,Dice,65,0.8991687026890841
val,Dice,66,0.8961677713827654
val,Dice,67,0.9186623313210227
val,Dice,68,0.9088774431835521
val,Dice,69,0.9075645804405212
val,Dice,70,0.9151015823537653
val,Dice,71,0.9205982143228705
val,Dice,72,0.923986407843503
val,Dice,73,0.9249171235344626
val,Dice,74,0.9236413023688577
val,Dice,75,0.9156288287856362
val,Dice,76,0.9203800342299722
val,Dice,77,0.9286673935976896
val,Dice,78,0.9294370900500905
val,Dice,79,0.9315687092867765
val,Dice,80,0.91424161195755
val,Dice,81,0.9286686452952299
val,Dice,82,0.9312426176938143
val,Dice,83,0.9208508729934692
val,Dice,84,0.9288386865095659
val,Dice,85,0.9185949943282388
val,Dice,86,0.9335006854750894
val,Dice,87,0.9319471066648309
val,Dice,88,0.9312091794880953
val,Dice,89,0.9260811318050731
val,Dice,90,0.9352365190332587
val,Dice,91,0.9198812408880754
val,Dice,92,0.9325451309030707
val,Dice,93,0.9271060065789656
val,Dice,94,0.9168520569801331
val,Dice,95,0.9218138131228361
val,Dice,96,0.9371149214831266
val,Dice,97,0.927415750243447
val,Dice,98,0.9296051697297529
val,Dice,99,0.9195077148350802
val,Jaccard,0,0.6006123125553131
val,Jaccard,1,0.6309154575521295
val,Jaccard,2,0.6309154575521295
val,Jaccard,3,0.6309154575521295
val,Jaccard,4,0.6309154575521295
val,Jaccard,5,0.6309154575521295
val,Jaccard,6,0.6309154575521295
val,Jaccard,7,0.6309154575521295
val,Jaccard,8,0.6309154575521295
val,Jaccard,9,0.6309154575521295
val,Jaccard,10,0.6309154575521295
val,Jaccard,11,0.6309154575521295
val,Jaccard,12,0.6309154575521295
val,Jaccard,13,0.6309154575521295
val,Jaccard,14,0.6309154575521295
val,Jaccard,15,0.6309154575521295
val,Jaccard,16,0.6309154575521295
val,Jaccard,17,0.6309154575521295
val,Jaccard,18,0.6309154575521295
val,Jaccard,19,0.6309154575521295
val,Jaccard,20,0.6309154575521295
val,Jaccard,21,0.6309154575521295
val,Jaccard,22,0.6309154575521295
val,Jaccard,23,0.6309154575521295
val,Jaccard,24,0.6309154575521295
val,Jaccard,25,0.6309154575521295
val,Jaccard,26,0.6309154575521295
val,Jaccard,27,0.6309154575521295
val,Jaccard,28,0.6309154575521295
val,Jaccard,29,0.6309154575521295
val,Jaccard,30,0.6309154575521295
val,Jaccard,31,0.6309154575521295
val,Jaccard,32,0.6309154575521295
val,Jaccard,33,0.6309154575521295
val,Jaccard,34,0.6309154575521295
val,Jaccard,35,0.6309154575521295
val,Jaccard,36,0.6309154575521295
val,Jaccard,37,0.6309154575521295
val,Jaccard,38,0.6309154575521295
val,Jaccard,39,0.6309154575521295
val,Jaccard,40,0.6310229138894514
val,Jaccard,41,0.6332989822734486
val,Jaccard,42,0.6320634430105035
val,Jaccard,43,0.6373670968142423
val,Jaccard,44,0.6365856257351962
val,Jaccard,45,0.6493044766512784
val,Jaccard,46,0.648627140305259
val,Jaccard,47,0.6904439980333502
val,Jaccard,48,0.6794181628660723
val,Jaccard,49,0.6657476425170898
val,Jaccard,50,0.7433171055533669
val,Jaccard,51,0.7495119950988076
val,Jaccard,52,0.7481894330544905
val,Jaccard,53,0.7622402201999318
val,Jaccard,54,0.7852994799613953
val,Jaccard,55,0.7722768458453092
val,Jaccard,56,0.7927354953505776
val,Jaccard,57,0.8055320978164673
val,Jaccard,58,0.8234909014268355
val,Jaccard,59,0.8205603361129761
val,Jaccard,60,0.8141259821978483
val,Jaccard,61,0.8127052404663779
val,Jaccard,62,0.8127386299046603
val,Jaccard,63,0.8078422167084434
val,Jaccard,64,0.8494686159220609
val,Jaccard,65,0.8397727825424888
val,Jaccard,66,0.8361965742978182
val,Jaccard,67,0.8649846586314115
val,Jaccard,68,0.8521878123283386
val,Jaccard,69,0.850521678274328
val,Jaccard,70,0.8601188551295887
val,Jaccard,71,0.8678769740191373
val,Jaccard,72,0.8726699677380648
val,Jaccard,73,0.8738314834508029
val,Jaccard,74,0.8717298941178755
val,Jaccard,75,0.8610361164266412
val,Jaccard,76,0.8676587505774065
val,Jaccard,77,0.8789437250657515
val,Jaccard,78,0.8801307732408697
val,Jaccard,79,0.8833694783124056
val,Jaccard,80,0.8592563542452726
val,Jaccard,81,0.8791349259289828
val,Jaccard,82,0.8826710744337602
val,Jaccard,83,0.8682371107014742
val,Jaccard,84,0.8794374899430708
val,Jaccard,85,0.8649845827709545
val,Jaccard,86,0.8861680951985446
val,Jaccard,87,0.8838834491643038
val,Jaccard,88,0.8827144178477201
val,Jaccard,89,0.8752068118615584
val,Jaccard,90,0.8885374556888234
val,Jaccard,91,0.8670604608275674
val,Jaccard,92,0.8846934383565729
val,Jaccard,93,0.8767569281838157
val,Jaccard,94,0.862805729562586
val,Jaccard,95,0.869681412523443
val,Jaccard,96,0.8912583318623629
val,Jaccard,97,0.8771454800258983
val,Jaccard,98,0.8805461742661216
val,Jaccard,99,0.866636189547452
val,Precision,0,0.9339457533576272
val,Precision,1,0.9642487981102683
val,Precision,2,0.9642487981102683
val,Precision,3,0.9642487981102683
val,Precision,4,0.9642487981102683
val,Precision,5,0.9642487981102683
val,Precision,6,0.9642487981102683
val,Precision,7,0.9642487981102683
val,Precision,8,0.9642487981102683
val,Precision,9,0.9642487981102683
val,Precision,10,0.9642487981102683
val,Precision,11,0.9642487981102683
val,Precision,12,0.9642487981102683
val,Precision,13,0.9642487981102683
val,Precision,14,0.9642487981102683
val,Precision,15,0.9642487981102683
val,Precision,16,0.9642487981102683
val,Precision,17,0.9642487981102683
val,Precision,18,0.9642487981102683
val,Precision,19,0.9642487981102683
val,Precision,20,0.9642487981102683
val,Precision,21,0.9642487981102683
val,Precision,22,0.9642487981102683
val,Precision,23,0.9642487981102683
val,Precision,24,0.9642487981102683
val,Precision,25,0.9642487981102683
val,Precision,26,0.9642487981102683
val,Precision,27,0.9642487981102683
val,Precision,28,0.9642487981102683
val,Precision,29,0.9642487981102683
val,Precision,30,0.9642487981102683
val,Precision,31,0.9642487981102683
val,Precision,32,0.9642487981102683
val,Precision,33,0.9642487981102683
val,Precision,34,0.9642487981102683
val,Precision,35,0.9642487981102683
val,Precision,36,0.9642487981102683
val,Precision,37,0.9642487981102683
val,Precision,38,0.9642487981102683
val,Precision,39,0.9642487981102683
val,Precision,40,0.9642575220628218
val,Precision,41,0.9614737033843994
val,Precision,42,0.9582726847041737
val,Precision,43,0.9550768841396678
val,Precision,44,0.9596852172504772
val,Precision,45,0.9508740522644736
val,Precision,46,0.9629971222444014
val,Precision,47,0.9575647549195723
val,Precision,48,0.9617328860542991
val,Precision,49,0.9589968757195906
val,Precision,50,0.9560237418521534
val,Precision,51,0.9605262442068621
val,Precision,52,0.9591217041015625
val,Precision,53,0.9495129747824236
val,Precision,54,0.9549119472503662
val,Precision,55,0.9632710489359769
val,Precision,56,0.9611581401391462
val,Precision,57,0.9624944925308228
val,Precision,58,0.963419648734006
val,Precision,59,0.9624165459112688
val,Precision,60,0.9646153233268044
val,Precision,61,0.9613285173069347
val,Precision,62,0.9629458459940824
val,Precision,63,0.9627454551783475
val,Precision,64,0.9644230549985712
val,Precision,65,0.9624342268163507
val,Precision,66,0.958987994627519
val,Precision,67,0.9480430808934298
val,Precision,68,0.9604953635822643
val,Precision,69,0.9636448675935919
val,Precision,70,0.9590935111045837
val,Precision,71,0.9553575569933112
val,Precision,72,0.9573151794346896
val,Precision,73,0.9565995769067244
val,Precision,74,0.9504880471663042
val,Precision,75,0.9624877572059631
val,Precision,76,0.9636340466412631
val,Precision,77,0.9496337175369263
val,Precision,78,0.948860764503479
val,Precision,79,0.9536972641944885
val,Precision,80,0.9580349813808094
val,Precision,81,0.9537562294439836
val,Precision,82,0.943696840242906
val,Precision,83,0.9502018256620928
val,Precision,84,0.9521557309410789
val,Precision,85,0.9468572193926031
val,Precision,86,0.9468151818622242
val,Precision,87,0.9489352107048035
val,Precision,88,0.9462142749266191
val,Precision,89,0.9314691641113975
val,Precision,90,0.9438480247150768
val,Precision,91,0.9511788053946062
val,Precision,92,0.9505208568139509
val,Precision,93,0.944898171858354
val,Precision,94,0.9464178627187555
val,Precision,95,0.9617671803994612
val,Precision,96,0.9414592818780378
val,Precision,97,0.9432605613361705
val,Precision,98,0.9527485045519742
val,Precision,99,0.9610936858437278
val,Recall,0,0.6666665510697798
val,Recall,1,0.6666666865348816
val,Recall,2,0.6666666865348816
val,Recall,3,0.6666666865348816
val,Recall,4,0.6666666865348816
val,Recall,5,0.6666666865348816
val,Recall,6,0.6666666865348816
val,Recall,7,0.6666666865348816
val,Recall,8,0.6666666865348816
val,Recall,9,0.6666666865348816
val,Recall,10,0.6666666865348816
val,Recall,11,0.6666666865348816
val,Recall,12,0.6666666865348816
val,Recall,13,0.6666666865348816
val,Recall,14,0.6666666865348816
val,Recall,15,0.6666666865348816
val,Recall,16,0.6666666865348816
val,Recall,17,0.6666666865348816
val,Recall,18,0.6666666865348816
val,Recall,19,0.6666666865348816
val,Recall,20,0.6666666865348816
val,Recall,21,0.6666666865348816
val,Recall,22,0.6666666865348816
val,Recall,23,0.6666666865348816
val,Recall,24,0.6666666865348816
val,Recall,25,0.6666666865348816
val,Recall,26,0.6666666865348816
val,Recall,27,0.6666666865348816
val,Recall,28,0.6666666865348816
val,Recall,29,0.6666666865348816
val,Recall,30,0.6666666865348816
val,Recall,31,0.6666666865348816
val,Recall,32,0.6666666865348816
val,Recall,33,0.6666666865348816
val,Recall,34,0.6666666865348816
val,Recall,35,0.6666666865348816
val,Recall,36,0.6666666865348816
val,Recall,37,0.6666666865348816
val,Recall,38,0.6666666865348816
val,Recall,39,0.6666666865348816
val,Recall,40,0.6667654080824419
val,Recall,41,0.6688484386964277
val,Recall,42,0.6677175977013328
val,Recall,43,0.672568982297724
val,Recall,44,0.6718553683974526
val,Recall,45,0.6835117611018094
val,Recall,46,0.6828518509864807
val,Recall,47,0.7212061448530718
val,Recall,48,0.7110463001511313
val,Recall,49,0.6985456564209678
val,Recall,50,0.7705823074687611
val,Recall,51,0.7759784243323586
val,Recall,52,0.7748599973591891
val,Recall,53,0.789504582231695
val,Recall,54,0.810986957766793
val,Recall,55,0.7970881949771534
val,Recall,56,0.8168417486277494
val,Recall,57,0.8290659351782366
val,Recall,58,0.8463962349024686
val,Recall,59,0.8437462882562117
val,Recall,60,0.8367496078664606
val,Recall,61,0.8362088257616217
val,Recall,62,0.8360352136872031
val,Recall,63,0.8312963409857317
val,Recall,64,0.8720389062708075
val,Recall,65,0.8628971685062755
val,Recall,66,0.8605795881964944
val,Recall,67,0.8967845277352766
val,Recall,68,0.8763077150691639
val,Recall,69,0.8732863502068953
val,Recall,70,0.8855057304555719
val,Recall,71,0.8957422321492975
val,Recall,72,0.8996972604231401
val,Recall,73,0.9016408378427679
val,Recall,74,0.9031304283575579
val,Recall,75,0.8847541538151827
val,Recall,76,0.891085294159976
val,Recall,77,0.9120312495665117
val,Recall,78,0.9138978069478815
val,Recall,79,0.9141961498693987
val,Recall,80,0.8848150751807473
val,Recall,81,0.9092123996127736
val,Recall,82,0.9208387299017473
val,Recall,83,0.8989076180891558
val,Recall,84,0.9108784036202864
val,Recall,85,0.8974220210855658
val,Recall,86,0.9224403500556946
val,Recall,87,0.9181330691684376
val,Recall,88,0.9189048897136342
val,Recall,89,0.9218249320983887
val,Recall,90,0.9281824935566295
val,Recall,91,0.8971523371609774
val,Recall,92,0.9180763038721952
val,Recall,93,0.912881769917228
val,Recall,94,0.8954872380603444
val,Recall,95,0.8944322466850281
val,Recall,96,0.9337920438159596
val,Recall,97,0.9144685051657937
val,Recall,98,0.9119004823944785
val,Recall,99,0.8911505937576294
val,F2,0,0.7057510885325345
val,F2,1,0.7105199803005565
val,F2,2,0.7105199803005565
val,F2,3,0.7105199803005565
val,F2,4,0.7105199803005565
val,F2,5,0.7105199803005565
val,F2,6,0.7105199803005565
val,F2,7,0.7105199803005565
val,F2,8,0.7105199803005565
val,F2,9,0.7105199803005565
val,F2,10,0.7105199803005565
val,F2,11,0.7105199803005565
val,F2,12,0.7105199803005565
val,F2,13,0.7105199803005565
val,F2,14,0.7105199803005565
val,F2,15,0.7105199803005565
val,F2,16,0.7105199803005565
val,F2,17,0.7105199803005565
val,F2,18,0.7105199803005565
val,F2,19,0.7105199803005565
val,F2,20,0.7105199803005565
val,F2,21,0.7105199803005565
val,F2,22,0.7105199803005565
val,F2,23,0.7105199803005565
val,F2,24,0.7105199803005565
val,F2,25,0.7105199803005565
val,F2,26,0.7105199803005565
val,F2,27,0.7105199803005565
val,F2,28,0.7105199803005565
val,F2,29,0.7105199803005565
val,F2,30,0.7105199803005565
val,F2,31,0.7105199803005565
val,F2,32,0.7105199803005565
val,F2,33,0.7105199803005565
val,F2,34,0.7105199803005565
val,F2,35,0.7105199803005565
val,F2,36,0.7105199803005565
val,F2,37,0.7105199803005565
val,F2,38,0.7105199803005565
val,F2,39,0.7105199803005565
val,F2,40,0.7106107039885088
val,F2,41,0.712196718562733
val,F2,42,0.7108025605028326
val,F2,43,0.7148500301621177
val,F2,44,0.7147240205244585
val,F2,45,0.7242255752736871
val,F2,46,0.7250288020480763
val,F2,47,0.7586323022842407
val,F2,48,0.7501360069621693
val,F2,49,0.7386450334028765
val,F2,50,0.8016319166530262
val,F2,51,0.8069356083869934
val,F2,52,0.8057765960693359
val,F2,53,0.8169845342636108
val,F2,54,0.8361428380012512
val,F2,55,0.8255265138366006
val,F2,56,0.8420706716450778
val,F2,57,0.8526606072079052
val,F2,58,0.8674186955798756
val,F2,59,0.8650302995334972
val,F2,60,0.8594735048033975
val,F2,61,0.8584998575123873
val,F2,62,0.8586162870580499
val,F2,63,0.8545525995167819
val,F2,64,0.8890277689153497
val,F2,65,0.8810694434426047
val,F2,66,0.8785305402495645
val,F2,67,0.9065458991310813
val,F2,68,0.8919000137935985
val,F2,69,0.8899247917261991
val,F2,70,0.899265939539129
val,F2,71,0.9070081494071267
val,F2,72,0.9106153737414967
val,F2,73,0.9120671694928949
val,F2,74,0.9121812961318276
val,F2,75,0.8992353461005471
val,F2,76,0.9046603116122159
val,F2,77,0.9192614121870561
val,F2,78,0.9206308072263544
val,F2,79,0.9217762730338357
val,F2,80,0.8985116427594965
val,F2,81,0.9177412770011208
val,F2,82,0.9252746376124296
val,F2,83,0.9086778326468035
val,F2,84,0.9187790101224725
val,F2,85,0.9068468484011564
val,F2,86,0.9271667437119917
val,F2,87,0.9240829402750189
val,F2,88,0.9241887060078707
val,F2,89,0.9236828901550986
val,F2,90,0.9312121597203341
val,F2,91,0.9073927023194053
val,F2,92,0.924329860643907
val,F2,93,0.9190473068844188
val,F2,94,0.90514061125842
val,F2,95,0.9070570252158425
val,F2,96,0.9352573644031178
val,F2,97,0.9200349124995145
val,F2,98,0.9197047298604791
val,F2,99,0.9042593403296038
val,IoU,0,0.4333071000430534
val,IoU,1,0.4463731592550113
val,IoU,2,0.4463731592550113
val,IoU,3,0.4463731592550113
val,IoU,4,0.4463731592550113
val,IoU,5,0.4463731592550113
val,IoU,6,0.4463731592550113
val,IoU,7,0.4463731592550113
val,IoU,8,0.4463731592550113
val,IoU,9,0.4463731592550113
val,IoU,10,0.4463731592550113
val,IoU,11,0.4463731592550113
val,IoU,12,0.4463731592550113
val,IoU,13,0.4463731592550113
val,IoU,14,0.4463731592550113
val,IoU,15,0.4463731592550113
val,IoU,16,0.4463731592550113
val,IoU,17,0.4463731592550113
val,IoU,18,0.4463731592550113
val,IoU,19,0.4463731592550113
val,IoU,20,0.4463731592550113
val,IoU,21,0.4463731592550113
val,IoU,22,0.4463731592550113
val,IoU,23,0.4463731592550113
val,IoU,24,0.4463731592550113
val,IoU,25,0.4463731592550113
val,IoU,26,0.4463731592550113
val,IoU,27,0.4463731592550113
val,IoU,28,0.4463731592550113
val,IoU,29,0.4463731592550113
val,IoU,30,0.4463731592550113
val,IoU,31,0.4463731592550113
val,IoU,32,0.4463731592550113
val,IoU,33,0.4463731592550113
val,IoU,34,0.4463731592550113
val,IoU,35,0.4463731592550113
val,IoU,36,0.4463731592550113
val,IoU,37,0.4463731592550113
val,IoU,38,0.4463731592550113
val,IoU,39,0.4463731592550113
val,IoU,40,0.44653435035270933
val,IoU,41,0.44995020103085254
val,IoU,42,0.44809512695490183
val,IoU,43,0.45606094173472744
val,IoU,44,0.4548805340096304
val,IoU,45,0.4739687194697206
val,IoU,46,0.4729520967644193
val,IoU,47,0.5356851021132867
val,IoU,48,0.5191354689254731
val,IoU,49,0.49863200532830343
val,IoU,50,0.614999624094553
val,IoU,51,0.624280819929897
val,IoU,52,0.6223014981524104
val,IoU,53,0.6433744067333926
val,IoU,54,0.6779597508202682
val,IoU,55,0.6584251007685512
val,IoU,56,0.6891115977915002
val,IoU,57,0.7083133300127478
val,IoU,58,0.7352465502656984
val,IoU,59,0.7308504402459548
val,IoU,60,0.721195750995102
val,IoU,61,0.7190594089141651
val,IoU,62,0.71911334983849
val,IoU,63,0.7117716281082325
val,IoU,64,0.7742077897133739
val,IoU,65,0.7596656671457197
val,IoU,66,0.7542977768235517
val,IoU,67,0.797483872060187
val,IoU,68,0.7782886667943513
val,IoU,69,0.7757842213093314
val,IoU,70,0.7901782405170128
val,IoU,71,0.8018175692906028
val,IoU,72,0.8090082630116762
val,IoU,73,0.810747187246699
val,IoU,74,0.8075948115466722
val,IoU,75,0.7915565777491956
val,IoU,76,0.8014935096813431
val,IoU,77,0.818417170602811
val,IoU,78,0.8201938248650552
val,IoU,79,0.8250558711984375
val,IoU,80,0.7888813466686139
val,IoU,81,0.8187023517406473
val,IoU,82,0.8240065728532788
val,IoU,83,0.802355653262378
val,IoU,84,0.8191610566736451
val,IoU,85,0.7974768607043696
val,IoU,86,0.8292527622993795
val,IoU,87,0.8258226429353392
val,IoU,88,0.8240732885344247
val,IoU,89,0.8128080101109795
val,IoU,90,0.8328039295573384
val,IoU,91,0.8005906828474703
val,IoU,92,0.8270401287409057
val,IoU,93,0.8151353548669129
val,IoU,94,0.7942085452214982
val,IoU,95,0.8045257610435559
val,IoU,96,0.836888763599518
val,IoU,97,0.8157181824305993
val,IoU,98,0.8208205675813283
val,IoU,99,0.7999542321429938
val,Hausdorff,0,
val,Hausdorff,1,
val,Hausdorff,2,
val,Hausdorff,3,
val,Hausdorff,4,
val,Hausdorff,5,
val,Hausdorff,6,
val,Hausdorff,7,
val,Hausdorff,8,
val,Hausdorff,9,
val,Hausdorff,10,
val,Hausdorff,11,
val,Hausdorff,12,
val,Hausdorff,13,
val,Hausdorff,14,
val,Hausdorff,15,
val,Hausdorff,16,
val,Hausdorff,17,
val,Hausdorff,18,
val,Hausdorff,19,
val,Hausdorff,20,
val,Hausdorff,21,
val,Hausdorff,22,
val,Hausdorff,23,
val,Hausdorff,24,
val,Hausdorff,25,
val,Hausdorff,26,
val,Hausdorff,27,
val,Hausdorff,28,
val,Hausdorff,29,
val,Hausdorff,30,
val,Hausdorff,31,
val,Hausdorff,32,
val,Hausdorff,33,
val,Hausdorff,34,
val,Hausdorff,35,
val,Hausdorff,36,
val,Hausdorff,37,
val,Hausdorff,38,
val,Hausdorff,39,
val,Hausdorff,40,125.78422823186537
val,Hausdorff,41,105.11411043613934
val,Hausdorff,42,97.59142088164764
val,Hausdorff,43,95.33258161659302
val,Hausdorff,44,101.99379105060248
val,Hausdorff,45,74.10901240440018
val,Hausdorff,46,98.0256402978092
val,Hausdorff,47,68.63693269854389
val,Hausdorff,48,85.89992141456419
val,Hausdorff,49,91.78697283813638
val,Hausdorff,50,41.99083981397258
val,Hausdorff,51,65.07506448825585
val,Hausdorff,52,72.59953706455809
val,Hausdorff,53,41.13610392251326
val,Hausdorff,54,44.67058943891298
val,Hausdorff,55,62.13633983002546
val,Hausdorff,56,64.7446882138395
val,Hausdorff,57,42.2475361305094
val,Hausdorff,58,55.77956222270449
val,Hausdorff,59,54.153856243623224
val,Hausdorff,60,62.94111245541844
val,Hausdorff,61,68.73556709655999
val,Hausdorff,62,36.15941053711828
val,Hausdorff,63,46.602769070393514
val,Hausdorff,64,46.085828350452715
val,Hausdorff,65,60.845434201300264
val,Hausdorff,66,38.80605264879998
val,Hausdorff,67,40.74798154287942
val,Hausdorff,68,70.70015258830132
val,Hausdorff,69,64.87600991478804
val,Hausdorff,70,34.47322107434261
val,Hausdorff,71,46.01804976312828
val,Hausdorff,72,46.68614348428866
val,Hausdorff,73,37.89042651590933
val,Hausdorff,74,36.27730183231311
val,Hausdorff,75,45.76323594437496
val,Hausdorff,76,59.35949534710328
val,Hausdorff,77,30.039306410118044
val,Hausdorff,78,28.57039142768173
val,Hausdorff,79,32.920900831676974
val,Hausdorff,80,38.342838303993254
val,Hausdorff,81,28.478266132860153
val,Hausdorff,82,28.55388173503321
val,Hausdorff,83,42.265004326787455
val,Hausdorff,84,30.935499500626328
val,Hausdorff,85,29.664902353092273
val,Hausdorff,86,37.84474915796885
val,Hausdorff,87,35.84958452733218
val,Hausdorff,88,34.410665245111275
val,Hausdorff,89,32.141655628340565
val,Hausdorff,90,28.5549081324382
val,Hausdorff,91,55.20679478051546
val,Hausdorff,92,40.292527767440134
val,Hausdorff,93,30.04112698054593
val,Hausdorff,94,41.1550008831394
val,Hausdorff,95,47.33448519380682
val,Hausdorff,96,26.973072045655304
val,Hausdorff,97,34.844198740682536
val,Hausdorff,98,31.037947946330533
val,Hausdorff,99,53.69827915347822
